{"cameraMode":{"drawMode":0,"name":"Shaded","section":"Shading Mode"},"sceneLighting":false,"audioPlay":false,"sceneViewState":{"m_AlwaysRefresh":false,"showFog":true,"showSkybox":false,"showFlares":true,"showImageEffects":true,"showParticleSystems":true,"showVisualEffectGraphs":true,"m_FxEnabled":true},"in2DMode":false,"pivot":{"x":2.9862561225891115,"y":1.8899993896484376,"z":-0.14500045776367188},"rotation":{"x":-0.4921112060546875,"y":-0.0010383132612332702,"z":0.0005866358987987042,"w":-0.8705584406852722},"size":11.537811279296875,"orthographic":false}