{"cameraMode":{"drawMode":0,"name":"Shaded","section":"Shading Mode"},"sceneLighting":false,"audioPlay":false,"sceneViewState":{"m_AlwaysRefresh":false,"showFog":true,"showSkybox":false,"showFlares":true,"showImageEffects":true,"showParticleSystems":true,"showVisualEffectGraphs":true,"m_FxEnabled":true},"in2DMode":false,"pivot":{"x":-0.0018296688795089722,"y":-0.04991121590137482,"z":-0.05688530206680298},"rotation":{"x":0.22924111783504487,"y":-0.0043802582658827309,"z":0.0010315740946680308,"w":0.9733588099479675},"size":0.1627066284418106,"orthographic":false}