{"cameraMode":{"drawMode":0,"name":"Shaded","section":"Shading Mode"},"sceneLighting":false,"audioPlay":false,"sceneViewState":{"m_AlwaysRefresh":false,"showFog":true,"showSkybox":false,"showFlares":true,"showImageEffects":true,"showParticleSystems":true,"showVisualEffectGraphs":true,"m_FxEnabled":true},"in2DMode":false,"pivot":{"x":2.6516993045806886,"y":0.3650173544883728,"z":0.20587265491485597},"rotation":{"x":0.22924111783504487,"y":-0.0043802582658827309,"z":0.0010315740946680308,"w":0.9733588099479675},"size":4.200016975402832,"orthographic":false}