{"cameraMode":{"drawMode":0,"name":"Shaded","section":"Shading Mode"},"sceneLighting":false,"audioPlay":false,"sceneViewState":{"m_AlwaysRefresh":false,"showFog":true,"showSkybox":false,"showFlares":true,"showImageEffects":true,"showParticleSystems":true,"showVisualEffectGraphs":true,"m_FxEnabled":true},"in2DMode":false,"pivot":{"x":2.8792378902435304,"y":0.2476283311843872,"z":0.09088736772537232},"rotation":{"x":0.09435632824897766,"y":-0.009855801239609719,"z":0.0009271048475056887,"w":0.9955064058303833},"size":5.017553806304932,"orthographic":false}