{"cameraMode":{"drawMode":0,"name":"Shaded","section":"Shading Mode"},"sceneLighting":false,"audioPlay":false,"sceneViewState":{"m_AlwaysRefresh":false,"showFog":true,"showSkybox":false,"showFlares":true,"showImageEffects":true,"showParticleSystems":true,"showVisualEffectGraphs":true,"m_FxEnabled":true},"in2DMode":false,"pivot":{"x":-0.33811408281326296,"y":0.0016754865646362305,"z":-0.8522492051124573},"rotation":{"x":0.4477379620075226,"y":0.5462769865989685,"z":-0.5522118210792542,"w":0.4429243505001068},"size":2.1000173091888429,"orthographic":false}