{"cameraMode":{"drawMode":0,"name":"Shaded","section":"Shading Mode"},"sceneLighting":false,"audioPlay":false,"sceneViewState":{"m_AlwaysRefresh":false,"showFog":true,"showSkybox":false,"showFlares":true,"showImageEffects":true,"showParticleSystems":true,"showVisualEffectGraphs":true,"m_FxEnabled":true},"in2DMode":false,"pivot":{"x":3.154202699661255,"y":0.35382047295570376,"z":0.1301562786102295},"rotation":{"x":0.09435632824897766,"y":-0.009855801239609719,"z":0.0009271048475056887,"w":0.9955064058303833},"size":6.900018692016602,"orthographic":false}