{"cameraMode":{"drawMode":0,"name":"Shaded","section":"Shading Mode"},"sceneLighting":false,"audioPlay":false,"sceneViewState":{"m_AlwaysRefresh":false,"showFog":true,"showSkybox":false,"showFlares":true,"showImageEffects":true,"showParticleSystems":true,"showVisualEffectGraphs":true,"m_FxEnabled":true},"in2DMode":false,"pivot":{"x":0.14833641052246095,"y":-0.09133684635162354,"z":-0.15372586250305177},"rotation":{"x":0.3814687430858612,"y":0.041575510054826739,"z":-0.01718011684715748,"w":0.9232941269874573},"size":2.563109874725342,"orthographic":false}