{"cameraMode":{"drawMode":0,"name":"Shaded","section":"Shading Mode"},"sceneLighting":false,"audioPlay":false,"sceneViewState":{"m_AlwaysRefresh":false,"showFog":true,"showSkybox":false,"showFlares":true,"showImageEffects":true,"showParticleSystems":true,"showVisualEffectGraphs":true,"m_FxEnabled":true},"in2DMode":false,"pivot":{"x":0.8794986605644226,"y":0.4048137664794922,"z":-0.2379668951034546},"rotation":{"x":0.3814687430858612,"y":0.041575510054826739,"z":-0.01718011684715748,"w":0.9232941269874573},"size":5.6857218742370609,"orthographic":false}