{"cameraMode":{"drawMode":0,"name":"Shaded","section":"Shading Mode"},"sceneLighting":false,"audioPlay":false,"sceneViewState":{"m_AlwaysRefresh":false,"showFog":true,"showSkybox":false,"showFlares":true,"showImageEffects":true,"showParticleSystems":true,"showVisualEffectGraphs":true,"m_FxEnabled":true},"in2DMode":false,"pivot":{"x":-0.10149765014648438,"y":-0.06776100397109986,"z":0.004397392272949219},"rotation":{"x":0.22924111783504487,"y":-0.0043802582658827309,"z":0.0010315740946680308,"w":0.9733588099479675},"size":1.1793951988220215,"orthographic":false}