{"cameraMode":{"drawMode":0,"name":"Shaded","section":"Shading Mode"},"sceneLighting":false,"audioPlay":false,"sceneViewState":{"m_AlwaysRefresh":false,"showFog":true,"showSkybox":false,"showFlares":true,"showImageEffects":true,"showParticleSystems":true,"showVisualEffectGraphs":true,"m_FxEnabled":true},"in2DMode":false,"pivot":{"x":2.4121148586273195,"y":0.7811692357063294,"z":0.19719362258911134},"rotation":{"x":0.09435632824897766,"y":-0.009855801239609719,"z":0.0009271048475056887,"w":0.9955064058303833},"size":5.400017738342285,"orthographic":false}