{"cameraMode":{"drawMode":0,"name":"Shaded","section":"Shading Mode"},"sceneLighting":false,"audioPlay":false,"sceneViewState":{"m_AlwaysRefresh":false,"showFog":true,"showSkybox":false,"showFlares":true,"showImageEffects":true,"showParticleSystems":true,"showVisualEffectGraphs":true,"m_FxEnabled":true},"in2DMode":false,"pivot":{"x":2.009045124053955,"y":0.09885638952255249,"z":0.06738722324371338},"rotation":{"x":0.22924111783504487,"y":-0.0043802582658827309,"z":0.0010315740946680308,"w":0.9733588099479675},"size":3.900017023086548,"orthographic":false}