{"cameraMode":{"drawMode":0,"name":"Shaded","section":"Shading Mode"},"sceneLighting":false,"audioPlay":false,"sceneViewState":{"m_AlwaysRefresh":false,"showFog":true,"showSkybox":false,"showFlares":true,"showImageEffects":true,"showParticleSystems":true,"showVisualEffectGraphs":true,"m_FxEnabled":true},"in2DMode":false,"pivot":{"x":-1.1305410861968995,"y":1.6351513862609864,"z":-62.1620979309082},"rotation":{"x":0.012077592313289643,"y":-0.9859950542449951,"z":0.14448322355747224,"w":0.08242111653089524},"size":3.3508059978485109,"orthographic":false}