{"cameraMode":{"drawMode":0,"name":"Shaded","section":"Shading Mode"},"sceneLighting":false,"audioPlay":false,"sceneViewState":{"m_AlwaysRefresh":false,"showFog":true,"showSkybox":false,"showFlares":true,"showImageEffects":true,"showParticleSystems":true,"showVisualEffectGraphs":true,"m_FxEnabled":true},"in2DMode":false,"pivot":{"x":0.008635051548480988,"y":0.02564239501953125,"z":0.001134634017944336},"rotation":{"x":0.4477379620075226,"y":0.5462769865989685,"z":-0.5522118210792542,"w":0.4429243505001068},"size":0.7636207342147827,"orthographic":false}