{"cameraMode":{"drawMode":0,"name":"Shaded","section":"Shading Mode"},"sceneLighting":false,"audioPlay":false,"sceneViewState":{"m_AlwaysRefresh":false,"showFog":true,"showSkybox":false,"showFlares":true,"showImageEffects":true,"showParticleSystems":true,"showVisualEffectGraphs":true,"m_FxEnabled":true},"in2DMode":false,"pivot":{"x":0.6700389981269836,"y":0.09694680571556092,"z":0.11921361088752747},"rotation":{"x":0.44035640358924868,"y":0.004040154628455639,"z":-0.0019816348794847728,"w":0.8978127241134644},"size":1.8000173568725587,"orthographic":false}