{"cameraMode":{"drawMode":0,"name":"Shaded","section":"Shading Mode"},"sceneLighting":false,"audioPlay":false,"sceneViewState":{"m_AlwaysRefresh":false,"showFog":true,"showSkybox":false,"showFlares":true,"showImageEffects":true,"showParticleSystems":true,"showVisualEffectGraphs":true,"m_FxEnabled":true},"in2DMode":false,"pivot":{"x":3.0464234352111818,"y":4.017753601074219,"z":2.0311009883880617},"rotation":{"x":0.22924111783504487,"y":-0.0043802582658827309,"z":0.0010315740946680308,"w":0.9733588099479675},"size":6.4433183670043949,"orthographic":false}