{"cameraMode":{"drawMode":0,"name":"Shaded","section":"Shading Mode"},"sceneLighting":false,"audioPlay":false,"sceneViewState":{"m_AlwaysRefresh":false,"showFog":true,"showSkybox":false,"showFlares":true,"showImageEffects":true,"showParticleSystems":true,"showVisualEffectGraphs":true,"m_FxEnabled":true},"in2DMode":false,"pivot":{"x":-0.5128647089004517,"y":2.4316930770874025,"z":-61.85414505004883},"rotation":{"x":0.0020660534501075746,"y":-0.9953001737594605,"z":0.09433689713478089,"w":0.02179856412112713},"size":3.3508059978485109,"orthographic":false}