{"cameraMode":{"drawMode":0,"name":"Shaded","section":"Shading Mode"},"sceneLighting":false,"audioPlay":false,"sceneViewState":{"m_AlwaysRefresh":false,"showFog":true,"showSkybox":false,"showFlares":true,"showImageEffects":true,"showParticleSystems":true,"showVisualEffectGraphs":true,"m_FxEnabled":true},"in2DMode":false,"pivot":{"x":0.02056443691253662,"y":-0.07024261355400086,"z":0.175348162651062},"rotation":{"x":0.15564869344234467,"y":0.014816626906394959,"z":-0.002337071346119046,"w":0.9877077341079712},"size":1.934610366821289,"orthographic":false}