{"cameraMode":{"drawMode":0,"name":"Shaded","section":"Shading Mode"},"sceneLighting":false,"audioPlay":false,"sceneViewState":{"m_AlwaysRefresh":false,"showFog":true,"showSkybox":false,"showFlares":true,"showImageEffects":true,"showParticleSystems":true,"showVisualEffectGraphs":true,"m_FxEnabled":true},"in2DMode":false,"pivot":{"x":1.1272938251495362,"y":0.33880025148391726,"z":0.4275238513946533},"rotation":{"x":0.44035640358924868,"y":0.004040154628455639,"z":-0.0019816348794847728,"w":0.8978127241134644},"size":1.5000174045562745,"orthographic":false}